"","ONTOLOGY","ID","Description","GeneRatio","BgRatio","pvalue","p.adjust","qvalue","geneID","Count"
"GO:0005518","MF","GO:0005518","collagen binding","5/68","68/18496",5.03965733454701e-06,0.00121455741762583,0.000976102052164894,"PCOLCE/ECM2/LOX/SPARC/HSD17B12",5
"GO:0005539","MF","GO:0005539","glycosaminoglycan binding","6/68","240/18496",0.000250655285980281,0.0302039619606238,0.0242739855896693,"PCOLCE/ECM2/FGF1/TWSG1/HSD17B12/PRNP",6
"GO:0008201","MF","GO:0008201","heparin binding","5/68","174/18496",0.00044920878049467,0.0311687764523414,0.0250493770134563,"PCOLCE/ECM2/FGF1/TWSG1/HSD17B12",5
"GO:1901681","MF","GO:1901681","sulfur compound binding","6/68","275/18496",0.000517324090495293,0.0311687764523414,0.0250493770134563,"PCOLCE/ECM2/FGF1/TWSG1/HSD17B12/PRNP",6
