"","ONTOLOGY","ID","Description","GeneRatio","BgRatio","pvalue","p.adjust","qvalue","geneID","Count"
"GO:0005518","MF","GO:0005518","collagen binding","5/68","66/18369",4.49216994625344e-06,0.00109608946688584,0.000893705389307264,"PCOLCE/ECM2/LOX/SPARC/HSD17B12",5
"GO:0005539","MF","GO:0005539","glycosaminoglycan binding","6/68","232/18369",0.000216647175384876,0.0264309553969548,0.0215506927093376,"PCOLCE/ECM2/FGF1/TWSG1/HSD17B12/PRNP",6
"GO:0008201","MF","GO:0008201","heparin binding","5/68","168/18369",0.000394710568458848,0.029122431104661,0.0237452091405562,"PCOLCE/ECM2/FGF1/TWSG1/HSD17B12",5
"GO:1901681","MF","GO:1901681","sulfur compound binding","6/68","269/18369",0.000477416903355098,0.029122431104661,0.0237452091405562,"PCOLCE/ECM2/FGF1/TWSG1/HSD17B12/PRNP",6
